city,library_id,source_record_id,branch_code,source_name,name,address,postal_code,website,phone,latitude,longitude,physical_branch,service_tier,square_footage,ward_no,ward_name,neighbourhood_name,present_site_year,public_washroom,digital_innovation_hub,kids_stop,hours,notes
toronto,toronto_tpl_ab,1,AB,Albion,Albion,"1515 Albion Road, Toronto, ON, M9V 1B2",M9V 1B2,https://www.tpl.ca/albion,416-394-5170,43.7399900,-79.5845000,true,DL,32279,1,Etobicoke North,Mount Olive-Silverstone-Jamestown,1973,true,true,true,Mon 9 a.m. to 8:30 p.m.; Tue 9 a.m. to 8:30 p.m.; Wed 9 a.m. to 8:30 p.m.; Thu 9 a.m. to 8:30 p.m.; Fri 9 a.m. to 8:30 p.m.; Sat 9 a.m. to 5 p.m.; Sun 12 p.m. to 5 p.m.,Official Toronto Open Data Library Branch General Information feed.
toronto,toronto_tpl_acd,2,ACD,Albert Campbell,Albert Campbell,"496 Birchmount Road, Toronto, ON, M1K 1N8",M1K 1N8,https://www.tpl.ca/albertcampbell,416-396-8890,43.7081400,-79.2691100,true,DL,28957,20,Scarborough Southwest,Clairlea-Birchmount,1971,true,true,true,Mon 9 a.m. to 8:30 p.m.; Tue 9 a.m. to 8:30 p.m.; Wed 9 a.m. to 8:30 p.m.; Thu 9 a.m. to 8:30 p.m.; Fri 9 a.m. to 8:30 p.m.; Sat 9 a.m. to 5 p.m.; Sun 12 p.m. to 5 p.m.,Official Toronto Open Data Library Branch General Information feed.
toronto,toronto_tpl_ad,3,AD,Alderwood,Alderwood,"2 Orianna Drive, Toronto, ON, M8W 4Y1",M8W 4Y1,https://www.tpl.ca/alderwood,416-394-5310,43.6016800,-79.5471400,true,NL,7341,3,Etobicoke-Lakeshore,Alderwood,1999,false,false,false,Mon 10 a.m. to 8:30 p.m.; Tue 10 a.m. to 6 p.m.; Wed 10 a.m. to 6 p.m.; Thu 12:30 p.m. to 8:30 p.m.; Fri 10 a.m. to 6 p.m.; Sat 9 a.m. to 5 p.m.; Sun 12 p.m. to 5 p.m.,Official Toronto Open Data Library Branch General Information feed.
toronto,toronto_tpl_ag,4,AG,Agincourt,Agincourt,"155 Bonis Avenue, Toronto, ON, M1T 3W6",M1T 3W6,https://www.tpl.ca/agincourt,416-396-8943,43.7852200,-79.2934900,true,DL,27690,22,Scarborough-Agincourt,Tam O'Shanter-Sullivan,1991,true,true,false,Mon 9 a.m. to 8:30 p.m.; Tue 9 a.m. to 8:30 p.m.; Wed 9 a.m. to 8:30 p.m.; Thu 9 a.m. to 8:30 p.m.; Fri 9 a.m. to 8:30 p.m.; Sat 9 a.m. to 5 p.m.; Sun 12 p.m. to 5 p.m.,Official Toronto Open Data Library Branch General Information feed.
toronto,toronto_tpl_ah,5,AH,Armour Heights,Armour Heights,"2140 Avenue Road, Toronto, ON, M5M 4M7",M5M 4M7,https://www.tpl.ca/armourheights,416-395-5430,43.7392200,-79.4217800,true,NL,2988,8,Eglinton-Lawrence,Bedford Park-Nortown,1982,false,false,false,Mon 10 a.m. to 8:30 p.m.; Tue 12:30 p.m. to 8:30 p.m.; Wed 10 a.m. to 6 p.m.; Thu 12:30 p.m. to 8:30 p.m.; Fri 10 a.m. to 6 p.m.; Sat 9 a.m. to 5 p.m.; Sun 12 p.m. to 5 p.m.,Official Toronto Open Data Library Branch General Information feed.
toronto,toronto_tpl_al,6,AL,Answerline,Answerline,,,https://www.tpl.ca/contact,416-397-5981,,,false,RR,,,,,,false,false,false,Non-Branch Row,Official Toronto Open Data Library Branch General Information feed.
toronto,toronto_tpl_an,7,AN,Annette Street,Annette Street,"145 Annette Street, Toronto, ON, M6P 1P3",M6P 1P3,https://www.tpl.ca/annette,416-393-7692,43.6634000,-79.4663700,true,NL,10309,4,Parkdale-High Park,Junction Area,1909,true,false,false,Mon 10 a.m. to 8:30 p.m.; Tue 12:30 p.m. to 8:30 p.m.; Wed 10 a.m. to 6 p.m.; Thu 12:30 p.m. to 8:30 p.m.; Fri 10 a.m. to 6 p.m.; Sat 9 a.m. to 5 p.m.; Sun 12 p.m. to 5 p.m.,Official Toronto Open Data Library Branch General Information feed.
toronto,toronto_tpl_ap,8,AP,Amesbury Park,Amesbury Park,"1565 Lawrence Avenue West, Toronto, ON, M6L 1A8",M6L 1A8,https://www.tpl.ca/amesburypark,416-395-5420,43.7064600,-79.4858200,true,NL,6320,5,York South-Weston,Brookhaven-Amesbury,1967,true,false,false,Mon 10 a.m. to 8:30 p.m.; Tue 12:30 p.m. to 8:30 p.m.; Wed 10 a.m. to 6 p.m.; Thu 12:30 p.m. to 8:30 p.m.; Fri 10 a.m. to 6 p.m.; Sat 9 a.m. to 5 p.m.; Sun 12 p.m. to 5 p.m.,Official Toronto Open Data Library Branch General Information feed.
toronto,toronto_tpl_bb,9,BB,Brookbanks,Brookbanks,"210 Brookbanks Drive, Toronto, ON, M3A 2T8",M3A 2T8,https://www.tpl.ca/brookbanks,416-395-5480,43.7595200,-79.3258000,true,NL,7933,16,Don Valley East,Fenside-Parkwoods,1968,true,false,false,Mon 10 a.m. to 8:30 p.m.; Tue 12:30 p.m. to 8:30 p.m.; Wed 10 a.m. to 6 p.m.; Thu 12:30 p.m. to 8:30 p.m.; Fri 10 a.m. to 6 p.m.; Sat 9 a.m. to 5 p.m.; Sun 12 p.m. to 5 p.m.,Official Toronto Open Data Library Branch General Information feed.
toronto,toronto_tpl_bc,10,BC,Black Creek,Black Creek,"North York Sheridan Mall, 1700 Wilson Avenue Unit 63-64, Toronto, ON, M3L 1B2",M3L 1B2,https://www.tpl.ca/blackcreek,416-395-5470,43.7215600,-79.5113000,true,NL,5782,7,Humber River-Black Creek,Oakdale-Beverley Heights,2002,false,false,false,Mon 9 a.m. to 8 p.m.; Tue 9 a.m. to 8 p.m.; Wed 9 a.m. to 8 p.m.; Thu 9 a.m. to 8 p.m.; Fri 9 a.m. to 8 p.m.; Sat 9 a.m. to 5 p.m.; Sun 12 p.m. to 5 p.m.,Official Toronto Open Data Library Branch General Information feed.
toronto,toronto_tpl_bd,11,BD,Bendale,Bendale,"1515 Danforth Road, Toronto, ON, M1J 1H5",M1J 1H5,https://www.tpl.ca/bendale,416-396-8910,43.7510900,-79.2440300,true,NL,8500,21,Scarborough Centre,Bendale South,1961,true,false,false,Mon 10 a.m. to 8:30 p.m.; Tue 12:30 p.m. to 8:30 p.m.; Wed 10 a.m. to 6 p.m.; Thu 12:30 p.m. to 8:30 p.m.; Fri 10 a.m. to 6 p.m.; Sat 9 a.m. to 5 p.m.; Sun 12 p.m. to 5 p.m.,Official Toronto Open Data Library Branch General Information feed.
toronto,toronto_tpl_be,12,BE,Beaches,Beaches,"2161 Queen Street East, Toronto, ON, M4L 1J1",M4L 1J1,https://www.tpl.ca/beaches,416-393-7703,43.6701100,-79.2984800,true,NL,8000,19,Beaches-East York,The Beaches,1916,true,false,false,Mon 9 a.m. to 8:30 p.m.; Tue 9 a.m. to 8:30 p.m.; Wed 9 a.m. to 8:30 p.m.; Thu 9 a.m. to 8:30 p.m.; Fri 9 a.m. to 5 p.m.; Sat 9 a.m. to 5 p.m.; Sun 12 p.m. to 5 p.m.,Official Toronto Open Data Library Branch General Information feed.
toronto,toronto_tpl_bf,13,BF,Barbara Frum,Barbara Frum,"20 Covington Road, Toronto, ON, M6A 3C1",M6A 3C1,https://www.tpl.ca/barbarafrum,416-395-5440,43.7207100,-79.4321500,true,DL,44319,8,Eglinton-Lawrence,Englemount-Lawrence,1992,true,false,false,Mon 9 a.m. to 8:30 p.m.; Tue 9 a.m. to 8:30 p.m.; Wed 9 a.m. to 8:30 p.m.; Thu 9 a.m. to 8:30 p.m.; Fri 9 a.m. to 8:30 p.m.; Sat 9 a.m. to 5 p.m.; Sun 12 p.m. to 5 p.m.,Official Toronto Open Data Library Branch General Information feed.
toronto,toronto_tpl_bkone,14,BKONE,Bookmobile One,Bookmobile One,,,https://www.tpl.ca/bookmobiles,416-395-5560,,,false,OT,,,,,,false,false,false,Non-Branch Row,Official Toronto Open Data Library Branch General Information feed.
toronto,toronto_tpl_bktwo,15,BKTWO,Bookmobile Two,Bookmobile Two,,,https://www.tpl.ca/bookmobiles,416-395-5560,,,false,OT,,,,,,false,false,false,Non-Branch Row,Official Toronto Open Data Library Branch General Information feed.
toronto,toronto_tpl_bl,16,BL,Bloor/Gladstone,Bloor/Gladstone,"1101 Bloor Street West, Toronto, ON, M6H 1M7",M6H 1M7,https://www.tpl.ca/bloorgladstone,416-393-7674,43.6599200,-79.4339900,true,DL,21014,9,Davenport,Dufferin Grove,1913,true,false,true,Mon 9 a.m. to 8:30 p.m.; Tue 9 a.m. to 8:30 p.m.; Wed 9 a.m. to 8:30 p.m.; Thu 9 a.m. to 8:30 p.m.; Fri 9 a.m. to 8:30 p.m.; Sat 9 a.m. to 5 p.m.; Sun 12 p.m. to 5 p.m.,Official Toronto Open Data Library Branch General Information feed.
toronto,toronto_tpl_br,17,BR,Brentwood,Brentwood,"36 Brentwood Road North, Toronto, ON, M8X 2B5",M8X 2B5,https://www.tpl.ca/brentwood,416-394-5240,43.6474700,-79.5141700,true,DL,17500,3,Etobicoke-Lakeshore,Kingsway South,1955,true,false,true,Mon 9 a.m. to 8:30 p.m.; Tue 9 a.m. to 8:30 p.m.; Wed 9 a.m. to 8:30 p.m.; Thu 9 a.m. to 8:30 p.m.; Fri 9 a.m. to 8:30 p.m.; Sat 9 a.m. to 5 p.m.; Sun 12 p.m. to 5 p.m.,Official Toronto Open Data Library Branch General Information feed.
toronto,toronto_tpl_brw,18,BRW,Bridlewood,Bridlewood,"Bridlewood Mall, 230-2900 Warden Avenue, Toronto, ON, M1W 2S8",M1W 2S8,https://www.tpl.ca/bridlewood,416-396-8960,43.7997600,-79.3187800,true,NL,18970,22,Scarborough-Agincourt,L'Amoreaux West,1976,true,false,true,Mon 9 a.m. to 8:30 p.m.; Tue 9 a.m. to 8:30 p.m.; Wed 9 a.m. to 8:30 p.m.; Thu 9 a.m. to 8:30 p.m.; Fri 9 a.m. to 8:30 p.m.; Sat 9 a.m. to 5 p.m.; Sun 12 p.m. to 5 p.m.,Official Toronto Open Data Library Branch General Information feed.
toronto,toronto_tpl_bur,19,BUR,Burrows Hall,Burrows Hall,"1081 Progress Avenue, Toronto, ON, M1B 5Z6",M1B 5Z6,https://www.tpl.ca/burrowshall,416-396-8740,43.7939500,-79.2341000,true,NL,6500,23,Scarborough North,Malvern East,1998,false,false,false,Mon 9 a.m. to 8:30 p.m.; Tue 9 a.m. to 8:30 p.m.; Wed 9 a.m. to 8:30 p.m.; Thu 9 a.m. to 8:30 p.m.; Fri 9 a.m. to 8:30 p.m.; Sat 9 a.m. to 5 p.m.; Sun 12 p.m. to 5 p.m.,Official Toronto Open Data Library Branch General Information feed.
toronto,toronto_tpl_cc,20,CC,Cliffcrest,Cliffcrest,"3017 Kingston Road, Toronto, ON, M1M 1P1",M1M 1P1,https://www.tpl.ca/cliffcrest,416-396-8916,43.7256600,-79.2304900,true,NL,4859,20,Scarborough Southwest,Cliffcrest,2008,true,false,false,Mon 9 a.m. to 8:30 p.m.; Tue 9 a.m. to 8:30 p.m.; Wed 9 a.m. to 8:30 p.m.; Thu 9 a.m. to 8:30 p.m.; Fri 9 a.m. to 8:30 p.m.; Sat 9 a.m. to 5 p.m.; Sun 12 p.m. to 5 p.m.,Official Toronto Open Data Library Branch General Information feed.
toronto,toronto_tpl_ce,21,CE,Centennial,Centennial,"578 Finch Avenue West, Toronto, ON, M2R 1N7",M2R 1N7,https://www.tpl.ca/centennial,416-395-5490,43.7730100,-79.4496300,true,NL,10601,6,York Centre,Westminster-Branson,1966,false,false,false,Closed,Official Toronto Open Data Library Branch General Information feed.
toronto,toronto_tpl_ced,22,CED,Cedarbrae,Cedarbrae,"545 Markham Road, Toronto, ON, M1H 2A1",M1H 2A1,https://www.tpl.ca/cedarbrae,416-396-8850,43.7575400,-79.2240900,true,DL,31506,24,Scarborough-Guildwood,Golfdale-Cedarbrae-Woburn,1966,true,false,true,Mon 9 a.m. to 8:30 p.m.; Tue 9 a.m. to 8:30 p.m.; Wed 9 a.m. to 8:30 p.m.; Thu 9 a.m. to 8:30 p.m.; Fri 9 a.m. to 8:30 p.m.; Sat 9 a.m. to 5 p.m.; Sun 12 p.m. to 5 p.m.,Official Toronto Open Data Library Branch General Information feed.
toronto,toronto_tpl_ch,23,CH,City Hall,City Hall,"Nathan Phillips Square, 100 Queen Street West, Toronto, ON, M5H 2N3",M5H 2N3,https://www.tpl.ca/cityhall,416-393-7650,43.6533700,-79.3838300,true,NL,5074,10,Spadina-Fort York,Yonge-Bay Corridor,1965,false,false,false,Mon 9 a.m. to 8:30 p.m.; Tue 9 a.m. to 8:30 p.m.; Wed 9 a.m. to 8:30 p.m.; Thu 9 a.m. to 8:30 p.m.; Fri 9 a.m. to 5 p.m.; Sat 9 a.m. to 5 p.m.; Sun 12 p.m. to 5 p.m.,Official Toronto Open Data Library Branch General Information feed.
toronto,toronto_tpl_cl,24,CL,North York Central Library,North York Central Library,"5120 Yonge Street, Toronto, ON, M2N 5N9",M2N 5N9,https://www.tpl.ca/northyorkcentral,416-395-5535,43.7681700,-79.4145100,true,RR,168022,18,Willowdale,Willowdale West,1987,true,true,true,Mon 9 a.m. to 8:30 p.m.; Tue 9 a.m. to 8:30 p.m.; Wed 9 a.m. to 8:30 p.m.; Thu 9 a.m. to 8:30 p.m.; Fri 9 a.m. to 8:30 p.m.; Sat 9 a.m. to 5 p.m.; Sun 12 p.m. to 5 p.m.,Official Toronto Open Data Library Branch General Information feed.
toronto,toronto_tpl_cs,25,CS,College/Shaw,College/Shaw,"766 College Street, Toronto, ON, M6G 1C4",M6G 1C4,https://www.tpl.ca/collegeshaw,416-393-7668,43.6551300,-79.4201900,true,NL,7664,11,University-Rosedale,Palmerston-Little Italy,1984,true,false,false,Mon 10 a.m. to 8:30 p.m.; Tue 12:30 p.m. to 8:30 p.m.; Wed 10 a.m. to 6 p.m.; Thu 12:30 p.m. to 8:30 p.m.; Fri 10 a.m. to 6 p.m.; Sat 9 a.m. to 5 p.m.; Sun 12 p.m. to 5 p.m.,Official Toronto Open Data Library Branch General Information feed.
toronto,toronto_tpl_da,26,DA,Danforth/Coxwell,Danforth/Coxwell,"1675 Danforth Avenue, Toronto, ON, M4C 5P2",M4C 5P2,https://www.tpl.ca/danforthcoxwell,416-393-7783,43.6836800,-79.3214300,true,NL,12056,19,Beaches-East York,Woodbine Corridor,1989,true,false,false,Mon 9 a.m. to 8:30 p.m.; Tue 9 a.m. to 8:30 p.m.; Wed 9 a.m. to 8:30 p.m.; Thu 9 a.m. to 8:30 p.m.; Fri 9 a.m. to 5 p.m.; Sat 9 a.m. to 5 p.m.; Sun 12 p.m. to 5 p.m.,Official Toronto Open Data Library Branch General Information feed.
toronto,toronto_tpl_dgh,27,DGH,Daniel G. Hill (formely Jane/Dundas),Daniel G. Hill (formely Jane/Dundas),"620 Jane Street, Toronto, ON, M6S 4A6",M6S 4A6,https://www.tpl.ca.ca/danielghill/,416-394-1014,43.6654800,-79.4914500,true,NL,11955,4,Parkdale-High Park,Runnymede-Bloor West Village,1975,true,false,false,Mon 9 a.m. to 8:30 p.m.; Tue 9 a.m. to 8:30 p.m.; Wed 9 a.m. to 8:30 p.m.; Thu 9 a.m. to 8:30 p.m.; Fri 9 a.m. to 8:30 p.m.; Sat 9 a.m. to 5 p.m.; Sun 12 p.m. to 5 p.m.,Official Toronto Open Data Library Branch General Information feed.
toronto,toronto_tpl_dm,28,DM,Don Mills,Don Mills,"888 Lawrence Avenue East, Toronto, ON, M3C 1P6",M3C 1P6,https://www.tpl.ca/donmills,416-395-5710,43.7367100,-79.3472900,true,DL,21563,16,Don Valley East,Banbury-Don Mills,1961,true,false,false,Mon 9 a.m. to 8:30 p.m.; Tue 9 a.m. to 8:30 p.m.; Wed 9 a.m. to 8:30 p.m.; Thu 9 a.m. to 8:30 p.m.; Fri 9 a.m. to 8:30 p.m.; Sat 9 a.m. to 5 p.m.; Sun 12 p.m. to 5 p.m.,Official Toronto Open Data Library Branch General Information feed.
toronto,toronto_tpl_do,29,DO,Downsview,Downsview,"2793 Keele Street, Toronto, ON, M3M 2G3",M3M 2G3,https://www.tpl.ca/downsview,416-395-5720,43.7288500,-79.4820200,true,NL,20016,6,York Centre,Downsview,1962,true,true,true,Mon 9 a.m. to 8:30 p.m.; Tue 9 a.m. to 8:30 p.m.; Wed 9 a.m. to 8:30 p.m; Thu 9 a.m. to 8:30 p.m.; Fri 9 a.m. to 8:30 p.m.; Sat 9 a.m. to 5 p.m.; Sun 12 p.m. to 5 p.m.,Official Toronto Open Data Library Branch General Information feed.
toronto,toronto_tpl_dp,30,DP,Deer Park,Deer Park,"40 St. Clair Avenue East, Toronto, ON, M4T 1M9",M4T 1M9,https://www.tpl.ca/deerpark,416-393-7657,43.6886300,-79.3924200,true,NL,40171,12,Toronto-St. Paul?s,Rosedale-Moore Park,1952,true,false,false,Mon 9 a.m. to 8:30 p.m.; Tue 9 a.m. to 8:30 p.m.; Wed 9 a.m. to 8:30 p.m; Thu 9 a.m. to 8:30 p.m.; Fri 9 a.m. to 5 p.m.; Sat 9 a.m. to 5 p.m.; Sun 12 p.m. to 5 p.m.,Official Toronto Open Data Library Branch General Information feed.
toronto,toronto_tpl_dr,31,DR,Dawes Road,Dawes Road,"416 Dawes Road, Toronto, ON, M4B 2E8",M4B 2E8,https://www.tpl.ca/dawesroad,416-396-3820,43.7016900,-79.2969600,true,NL,6740,19,Beaches-East York,O`Connor Parkview,1976,false,false,false,Closed,Official Toronto Open Data Library Branch General Information feed.
toronto,toronto_tpl_ds,32,DS,Departmental Staff,Departmental Staff,,,,,,,false,OT,,,,,,false,false,false,Non-Branch Row,Official Toronto Open Data Library Branch General Information feed.
toronto,toronto_tpl_dt,33,DT,Davenport,Davenport,"1246 Shaw Street, Toronto, ON, M6G 3P1",M6G 3P1,https://www.tpl.ca/davenport,416-396-3820,43.6745800,-79.4283900,true,NL,3604,12,Toronto-St. Paul?s,Wychwood,1988,true,false,false,Mon Closed; Tue 12:30 p.m. to 8:30 p.m.; Wed 10 a.m. to 6 p.m.; Thu 12:30 p.m. to 8:30 p.m.; Fri 10 a.m. to 6 p.m.; Sat 9 a.m. to 5 p.m.; Sun 12 p.m. to 5 p.m.,Official Toronto Open Data Library Branch General Information feed.
toronto,toronto_tpl_du,34,DU,Dufferin/St. Clair,Dufferin/St. Clair,"1625 Dufferin Street, Toronto, ON, M6H 3L9",M6H 3L9,https://www.tpl.ca/dufferinstclair,416-393-7712,43.6770100,-79.4424100,true,NL,11208,9,Davenport,Corso Italia-Davenport,1921,true,false,true,Mon 10 a.m. to 8:30 p.m.; Tue 12:30 p.m. to 8:30 p.m.; Wed 10 a.m. to 6 p.m.; Thu 12:30 p.m. to 8:30 p.m.; Fri 10 a.m. to 6 p.m.; Sat 9 a.m. to 5 p.m.; Sun 12 p.m. to 5 p.m.,Official Toronto Open Data Library Branch General Information feed.
toronto,toronto_tpl_ea,35,EA,Eatonville,Eatonville,"430 Burnhamthorpe Road, Toronto, ON, M9B 2B1",M9B 2B1,https://www.tpl.ca/eatonville,416-394-5270,43.6461600,-79.5591000,true,NL,12203,2,Etobicoke Centre,Islington,1964,true,false,false,Mon 9 a.m. to 8:30 p.m.; Tue 9 a.m. to 8:30 p.m.; Wed 9 a.m. to 8:30 p.m.; Thu 9 a.m. to 8:30 p.m.; Fri 9 a.m. to 8:30 p.m.; Sat 9 a.m. to 5 p.m.; Sun 12 p.m. to 5 p.m.,Official Toronto Open Data Library Branch General Information feed.
toronto,toronto_tpl_eb,36,EB,Elmbrook Park,Elmbrook Park,"2 Elmbrook Crescent, Toronto, ON, M9C 5B4",M9C 5B4,https://www.tpl.ca/elmbrookpark,416-394-5290,43.6601400,-79.5839100,true,NL,3600,2,Etobicoke Centre,Eringate-Centennial-West Deane,1988,true,false,false,Mon Closed; Tue 10 a.m. to 6 p.m.; Wed 12:30 p.m. to 8:30 p.m.; Thu 12:30 p.m. to 8:30 p.m.; Fri 10 a.m. to 6 p.m.; Sat 9 a.m. to 5 p.m.; Sun 12 p.m. to 5 p.m.,Official Toronto Open Data Library Branch General Information feed.
toronto,toronto_tpl_eg,37,EG,Evelyn Gregory,Evelyn Gregory,"120 Trowell Avenue, Toronto, ON, M6M 1L7",M6M 1L7,https://www.tpl.ca/evelyngregory,416-394-1006,43.6863100,-79.4723300,true,NL,6200,5,York South-Weston,Keelesdale-Eglinton West,1968,true,false,false,Mon 10 a.m. to 8:30 p.m.; Tue 12:30 p.m. to 8:30 p.m.; Wed 10 a.m. to 6 p.m.; Thu 12:30 p.m. to 8:30 p.m.; Fri 10 a.m. to 6 p.m.; Sat 9 a.m. to 5 p.m.; Sun 12 p.m. to 5 p.m.,Official Toronto Open Data Library Branch General Information feed.
toronto,toronto_tpl_en,38,EN,Ethennonnhawahstihnen' (formely Bayview),Ethennonnhawahstihnen' (formely Bayview),"100 Ethennonnhawahstihnen' Lane, Toronto, ON  M2K 3C9",M2K 3C9,https://www.tpl.ca/ethennonnhawahstihnen,416-395-5460,43.7687400,-79.3757200,true,NL,13418,17,Don Valley North,Bayview Village,2023,true,false,true,Mon 9 a.m. to 8:30 p.m.; Tue 9 a.m. to 8:30 p.m.; Wed 9 a.m. to 8:30 p.m.; Thu 9 a.m. to 8:30 p.m.; Fri 9 a.m. to 5 p.m.; Sat 9 a.m. to 5 p.m.; Sun 12 p.m. to 5 p.m.,Official Toronto Open Data Library Branch General Information feed.
toronto,toronto_tpl_es,39,ES,Eglinton Square,Eglinton Square,"Eglinton Square Shopping Centre, 1 Eglinton Square, Unit 126, Toronto, ON, M1L 2K1",M1L 2K1,https://www.tpl.ca/eglintonsquare,416-396-8920,43.7235800,-79.3016600,true,NL,10000,20,Scarborough Southwest,Clairlea-Birchmount,1965,false,false,false,Mon 9 a.m. to 8:30 p.m.; Tue 9 a.m. to 8:30 p.m.; Wed 9 a.m. to 8:30 p.m.; Thu 9 a.m. to 8:30 p.m.; Fri 9 a.m. to 5 p.m.; Sat 9 a.m. to 5 p.m.; Sun 12 p.m. to 5 p.m.,Official Toronto Open Data Library Branch General Information feed.
toronto,toronto_tpl_fh,40,FH,Forest Hill,Forest Hill,"700 Eglinton Avenue West, Toronto, ON, M5N 1B9",M5N 1B9,https://www.tpl.ca/foresthill,416-393-7706,43.7023300,-79.4207300,true,NL,10399,8,Eglinton-Lawrence,Forest Hill North,1962,false,false,false,Mon 9 a.m. to 8:30 p.m.; Tue 9 a.m. to 8:30 p.m.; Wed 9 a.m. to 8:30 p.m.; Thu 9 a.m. to 8:30 p.m.; Fri 9 a.m. to 5 p.m.; Sat 9 a.m. to 5 p.m.; Sun 12 p.m. to 5 p.m.,Official Toronto Open Data Library Branch General Information feed.
toronto,toronto_tpl_fo,41,FO,Fort York,Fort York,"190 Fort York Boulevard, Toronto, ON M5V 0E7",M5V 0E7,https://www.tpl.ca/fortyork,416-393-6240,43.6392300,-79.4003900,true,NL,16008,10,Spadina-Fort York,Harbourfront-CityPlace,2014,true,true,false,Mon 9 a.m. to 8:30 p.m.; Tue 9 a.m. to 8:30 p.m.; Wed 9 a.m. to 8:30 p.m.; Thu 9 a.m. to 8:30 p.m.; Fri 9 a.m. to 5 p.m.; Sat 9 a.m. to 5 p.m.; Sun 12 p.m. to 5 p.m.,Official Toronto Open Data Library Branch General Information feed.
toronto,toronto_tpl_fp,42,FP,Flemingdon Park,Flemingdon Park,"29 St. Dennis Drive, Toronto, ON, M3C 3J3",M3C 3J3,https://www.tpl.ca/flemingdonpark,416-395-5820,43.7180000,-79.3316900,true,NL,7250,16,Don Valley East,Flemingdon Park,1981,false,false,false,Closed,Official Toronto Open Data Library Branch General Information feed.
toronto,toronto_tpl_fv,43,FV,Fairview,Fairview,"35 Fairview Mall Drive, Toronto, ON, M2J 4S4",M2J 4S4,https://www.tpl.ca/fairview,416-395-5750,43.7790900,-79.3467400,true,DL,79458,17,Don Valley North,Don Valley Village,1976,true,true,true,Mon 9 a.m. to 8:30 p.m.; Tue 9 a.m. to 8:30 p.m.; Wed 9 a.m. to 8:30 p.m.; Thu 9 a.m. to 8:30 p.m.; Fri 9 a.m. to 8:30 p.m.; Sat 9 a.m. to 5 p.m.; Sun 12 p.m. to 5 p.m.,Official Toronto Open Data Library Branch General Information feed.
toronto,toronto_tpl_ge,44,GE,Gerrard/Ashdale,Gerrard/Ashdale,"1432 Gerrard Street East, Toronto, ON, M4L 1Z6",M4L 1Z6,https://www.tpl.ca/gerrardashdale,416-393-7717,43.6724500,-79.3220400,true,NL,9852,14,Toronto-Danforth,Greenwood-Coxwell,1924,true,false,false,Mon 10 a.m. to 8:30 p.m.; Tue 12:30 p.m. to 8:30 p.m.; Wed 10 a.m. to 6 p.m.; Thu 12:30 p.m. to 8:30 p.m.; Fri 10 a.m. to 6 p.m.; Sat 9 a.m. to 5 p.m.; Sun 12 p.m. to 5 p.m.,Official Toronto Open Data Library Branch General Information feed.
toronto,toronto_tpl_ghp,45,GHP,Goldhawk Park,Goldhawk Park,"295 Alton Towers Circle, Toronto, ON, M1V 4P1",M1V 4P1,https://www.tpl.ca/goldhawkpark,416-396-8964,43.8240400,-79.2779900,true,NL,11200,23,Scarborough North,Milliken,1992,true,false,false,Mon 9 a.m. to 8:30 p.m.; Tue 9 a.m. to 8:30 p.m.; Wed 9 a.m. to 8:30 p.m.; Thu 9 a.m. to 8:30 p.m.; Fri 9 a.m. to 5 p.m.; Sat 9 a.m. to 5 p.m.; Sun 12 p.m. to 5 p.m.,Official Toronto Open Data Library Branch General Information feed.
toronto,toronto_tpl_gw,46,GW,Guildwood,Guildwood,"Guildwood Plaza, 123 Guildwood Parkway, Toronto, ON, M1E 4V2",M1E 4V2,https://www.tpl.ca/guildwood,416-396-8872,43.7470400,-79.1995400,true,NL,4577,24,Scarborough-Guildwood,Guildwood,1974,true,false,false,Mon Closed; Tue 12:30 p.m. to 8:30 p.m.; Wed 10 a.m. to 6 p.m.; Thu 12:30 p.m. to 8:30 p.m.; Fri 10 a.m. to 6 p.m.; Sat 9 a.m. to 5 p.m.; Sun 12 p.m. to 5 p.m.,Official Toronto Open Data Library Branch General Information feed.
toronto,toronto_tpl_hb,47,HB,Humber Bay,Humber Bay,"200 Park Lawn Road, Toronto, ON, M8Y 3J1",M8Y 3J1,https://www.tpl.ca/humberbay,416-394-5300,43.6303200,-79.4912400,true,NL,2400,3,Etobicoke-Lakeshore,Stonegate-Queensway,1951,true,false,false,Mon Closed; Tue 10 a.m. to 6 p.m.; Wed 12:30 p.m. to 8:30 p.m.; Thu 12:30 p.m. to 8:30 p.m.; Fri 10 a.m. to 6 p.m.; Sat 9 a.m. to 5 p.m.; Sun 12 p.m. to 5 p.m.,Official Toronto Open Data Library Branch General Information feed.
toronto,toronto_tpl_hc,48,HC,Highland Creek,Highland Creek,"3550 Ellesmere Road, Toronto, ON, M1C 3Z2",M1C 3Z2,https://www.tpl.ca/highlandcreek,416-396-8876,43.7900300,-79.1751600,true,NL,7000,25,Scarborough-Rouge Park,Highland Creek,1994,true,false,false,Mon Closed; Tue 12:30 p.m. to 8:30 p.m.; Wed 10 a.m. to 6 p.m.; Thu 12:30 p.m. to 8:30 p.m.; Fri 10 a.m. to 6 p.m.; Sat 9 a.m. to 5 p.m.; Sun 12 p.m. to 5 p.m.,Official Toronto Open Data Library Branch General Information feed.
toronto,toronto_tpl_hil,49,HIL,Hillcrest,Hillcrest,"5801 Leslie Street, Toronto, ON, M2H 1J8",M2H 1J8,https://www.tpl.ca/hillcrest,416-395-5830,43.7970700,-79.3690400,true,NL,7473,17,Don Valley North,Hillcrest Village,1975,true,false,false,Mon 9 a.m. to 8:30 p.m.; Tue 9 a.m. to 8:30 p.m.; Wed 9 a.m. to 8:30 p.m.; Thu 9 a.m. to 8:30 p.m.; Fri 9 a.m. to 5 p.m.; Sat 9 a.m. to 5 p.m.; Sun 12 p.m. to 5 p.m.,Official Toronto Open Data Library Branch General Information feed.
toronto,toronto_tpl_hls,50,HLS,Home Library Service,Home Library Service,,,https://www.tpl.ca/home-library-service,416-395-5557,,,false,OT,,,,,,false,false,false,Non-Branch Row,Official Toronto Open Data Library Branch General Information feed.
toronto,toronto_tpl_hp,51,HP,High Park,High Park,"228 Roncesvalles Avenue, Toronto, ON, M6R 2L7",M6R 2L7,https://www.tpl.ca/highpark,416-393-7671,43.6451300,-79.4488700,true,NL,8850,4,Parkdale-High Park,High Park-Swansea,1916,true,false,false,Mon 9 a.m. to 8:30 p.m.; Tue 9 a.m. to 8:30 p.m.; Wed 9 a.m. to 8:30 p.m.; Thu 9 a.m. to 8:30 p.m.; Fri 9 a.m. to 5 p.m.; Sat 9 a.m. to 5 p.m.; Sun 12 p.m. to 5 p.m.,Official Toronto Open Data Library Branch General Information feed.
toronto,toronto_tpl_hs,52,HS,Humber Summit,Humber Summit,"2990 Islington Avenue, Toronto, ON, M9L 2K6",M9L 2K6,https://www.tpl.ca/humbersummit,416-395-5840,43.7590600,-79.5716100,true,NL,9040,7,Humber River-Black Creek,Humber Summit,1974,true,false,false,Mon 10 a.m. to 8:30 p.m.; Tue 12:30 p.m. to 8:30 p.m.; Wed 10 a.m. to 6 p.m.; Thu 12:30 p.m. to 8:30 p.m.; Fri 10 a.m. to 6 p.m.; Sat 9 a.m. to 5 p.m.; Sun 12 p.m. to 5 p.m.,Official Toronto Open Data Library Branch General Information feed.
toronto,toronto_tpl_hw,53,HW,Humberwood,Humberwood,"850 Humberwood Boulevard, Toronto, ON, M9W 7A6",M9W 7A6,https://www.tpl.ca/humberwood,416-394-5210,43.7287300,-79.6194600,true,NL,5748,1,Etobicoke North,West Humber-Clairville,1996,false,false,false,Mon 9 a.m. to 8:30 p.m.; Tue 9 a.m. to 8:30 p.m.; Wed 9 a.m. to 8:30 p.m.; Thu 9 a.m. to 8:30 p.m.; Fri 9 a.m. to 5 p.m.; Sat 9 a.m. to 5 p.m.; Sun 12 p.m. to 5 p.m.,Official Toronto Open Data Library Branch General Information feed.
toronto,toronto_tpl_il,54,IL,Interloan,Interloan,,,https://www.tpl.ca/using-the-library/interlibrary-loan,,,,false,RR,,,,,,false,false,false,Non-Branch Row,Official Toronto Open Data Library Branch General Information feed.
toronto,toronto_tpl_jo,55,JO,Jones,Jones,"118 Jones Avenue, Toronto, ON, M4M 2Z9",M4M 2Z9,https://www.tpl.ca/jones,416-393-7715,43.6659800,-79.3345100,true,NL,3636,14,Toronto-Danforth,South Riverdale,1962,true,false,false,Mon 10 a.m. to 6 p.m.; Tue 10 a.m. to 8:30 p.m.; Wed 12:30 p.m. to 8:30 p.m.; Thu 12:30 p.m. to 8:30 p.m.; Fri 10 a.m. to 6 p.m.; Sat 9 a.m. to 5 p.m.; Sun 12 p.m. to 5 p.m.,Official Toronto Open Data Library Branch General Information feed.
toronto,toronto_tpl_js,56,JS,Jane/Sheppard,Jane/Sheppard,"1906 Sheppard Avenue West, Toronto, ON, M3L 1Y7",M3L 1Y7,https://www.tpl.ca/janesheppard,416-395-5966,43.7399600,-79.5101000,true,NL,7000,7,Humber River-Black Creek,Glenfield-Jane Heights,2009,true,false,false,Mon 9 a.m. to 8:30 p.m.; Tue 9 a.m. to 8:30 p.m.; Wed 9 a.m. to 8:30 p.m.; Thu 9 a.m. to 8:30 p.m.; Fri 9 a.m. to 8:30 p.m.; Sat 9 a.m. to 5 p.m.; Sun 12 p.m. to 5 p.m.,Official Toronto Open Data Library Branch General Information feed.
toronto,toronto_tpl_jt,57,JT,Junction Triangle (formely Perth/Dupont),Junction Triangle (formely Perth/Dupont),"305 Campbell Avenue, Toronto, ON M6P 3V7",M6P 3V7,https://www.tpl.ca/junctiontriangle/,416-393-7677,43.6656600,-79.4496400,true,NL,9903,,,Junction-Wallace Emerson,2025,true,false,true,Closed,Official Toronto Open Data Library Branch General Information feed.
toronto,toronto_tpl_ke,58,KE,Kennedy/Eglinton,Kennedy/Eglinton,"Liberty Square Plaza, 2380 Eglinton Avenue East, Toronto, ON, M1K 2P3",M1K 2P3,https://www.tpl.ca/kennedyeglinton,416-396-8924,43.7322100,-79.2704400,true,NL,13218,21,Scarborough Centre,Ionview,1988,true,false,false,Mon 9 a.m. to 8:30 p.m.; Tue 9 a.m. to 8:30 p.m.; Wed 9 a.m. to 8:30 p.m.; Thu 9 a.m. to 8:30 p.m.; Fri 9 a.m. to 8:30 p.m.; Sat 9 a.m. to 5 p.m.; Sun 12 p.m. to 5 p.m.,Official Toronto Open Data Library Branch General Information feed.
toronto,toronto_tpl_lb,59,LB,Long Branch,Long Branch,"3500 Lake Shore Boulevard West, Toronto, ON, M8W 1N6",M8W 1N6,https://www.tpl.ca/longbranch,416-394-5320,43.5952900,-79.5314200,true,NL,6418,3,Etobicoke-Lakeshore,Long Branch,1955,true,false,false,Mon Closed; Tue 12:30 p.m. to 8:30 p.m.; Wed 10 a.m. to 6 p.m.; Thu 12:30 p.m. to 8:30 p.m.; Fri 10 a.m. to 6 p.m.; Sat 9 a.m. to 5 p.m.; Sun 12 p.m. to 5 p.m.,Official Toronto Open Data Library Branch General Information feed.
toronto,toronto_tpl_ld,60,LD,Literacy Deposits,Literacy Deposits,,,,,,,false,OT,,,,,,false,false,false,Non-Branch Row,Official Toronto Open Data Library Branch General Information feed.
toronto,toronto_tpl_le,61,LE,Leaside,Leaside,"165 McRae Drive, Toronto, ON, M4G 1S8",M4G 1S8,https://www.tpl.ca/leaside,416-396-3835,43.7064100,-79.3676100,true,NL,12000,15,Don Valley West,Leaside-Bennington,1950,true,false,false,Mon 9 a.m. to 8:30 p.m.; Tue 9 a.m. to 8:30 p.m.; Wed 9 a.m. to 8:30 p.m.; Thu 9 a.m. to 8:30 p.m.; Fri 9 a.m. to 5 p.m.; Sat 9 a.m. to 5 p.m.; Sun 12 p.m. to 5 p.m.,Official Toronto Open Data Library Branch General Information feed.
toronto,toronto_tpl_lo,62,LO,Locke,Locke,"3083 Yonge Street, Toronto, ON, M4N 2K7",M4N 2K7,https://www.tpl.ca/locke,416-393-7730,43.7248800,-79.4017600,true,NL,11647,15,Don Valley West,Lawrence Park South,1949,true,false,true,Mon 9 a.m. to 8:30 p.m.; Tue 9 a.m. to 8:30 p.m.; Wed 9 a.m. to 8:30 p.m.; Thu 9 a.m. to 8:30 p.m.; Fri 9 a.m. to 5 p.m.; Sat 9 a.m. to 5 p.m.; Sun 12 p.m. to 5 p.m.,Official Toronto Open Data Library Branch General Information feed.
toronto,toronto_tpl_ls,63,LS,Lillian H. Smith,Lillian H. Smith,"239 College Street, Toronto, ON, M5T 1R5",M5T 1R5,https://www.tpl.ca/lillianhsmith,416-393-7746,43.6579800,-79.3983900,true,DL,47872,11,University-Rosedale,Kensington-Chinatown,1995,true,false,false,Mon 9 a.m. to 8:30 p.m.; Tue 9 a.m. to 8:30 p.m.; Wed 9 a.m. to 8:30 p.m.; Thu 9 a.m. to 8:30 p.m.; Fri 9 a.m. to 8:30 p.m.; Sat 9 a.m. to 5 p.m.; Sun 12 p.m. to 5 p.m.,Official Toronto Open Data Library Branch General Information feed.
toronto,toronto_tpl_ma,64,MA,Main Street,Main Street,"137 Main Street, Toronto, ON, M4E 2V9",M4E 2V9,https://www.tpl.ca/mainstreet,416-393-7700,43.6834100,-79.2994600,true,NL,8664,19,Beaches-East York,East End Danforth,1921,true,false,false,Mon 9 a.m. to 8:30 p.m.; Tue 9 a.m. to 8:30 p.m.; Wed 9 a.m. to 8:30 p.m.; Thu 9 a.m. to 8:30 p.m.; Fri 9 a.m. to 5 p.m.; Sat 9 a.m. to 5 p.m.; Sun 12 p.m. to 5 p.m.,Official Toronto Open Data Library Branch General Information feed.
toronto,toronto_tpl_mal,65,MAL,Malvern,Malvern,"30 Sewells Road, Toronto, ON, M1B 3G5",M1B 3G5,https://www.tpl.ca/malvern,416-396-8969,43.8082400,-79.2162400,true,DL,25834,25,Scarborough-Rouge Park,Malvern East,1982,true,true,false,Mon 9 a.m. to 8:30 p.m.; Tue 9 a.m. to 8:30 p.m.; Wed 9 a.m. to 8:30 p.m.; Thu 9 a.m. to 8:30 p.m.; Fri 9 a.m. to 8:30 p.m.; Sat 9 a.m. to 5 p.m.; Sun 12 p.m. to 5 p.m.,Official Toronto Open Data Library Branch General Information feed.
toronto,toronto_tpl_mas,66,MAS,Maria A. Shchuka,Maria A. Shchuka,"1745 Eglinton Avenue W, Toronto, ON, M6E 2H4",M6E 2H4,https://www.tpl.ca/mariaashchuka,416-394-1000,43.6961400,-79.4472700,true,DL,25475,12,Toronto-St. Paul?s,Oakwood Village,1951,true,true,false,Mon 9 a.m. to 8:30 p.m.; Tue 9 a.m. to 8:30 p.m.; Wed 9 a.m. to 8:30 p.m.; Thu 9 a.m. to 8:30 p.m.; Fri 9 a.m. to 8:30 p.m.; Sat 9 a.m. to 5 p.m.; Sun 12 p.m. to 5 p.m.,Official Toronto Open Data Library Branch General Information feed.
toronto,toronto_tpl_mcg,67,MCG,McGregor Park,McGregor Park,"2219 Lawrence Avenue East, Toronto, ON, M1P 2P5",M1P 2P5,https://www.tpl.ca/mcgregorpark,416-396-8935,43.7479400,-79.2808600,true,NL,7793,21,Scarborough Centre,Dorset Park,2004,true,false,false,Mon 9 a.m. to 8:30 p.m.; Tue 9 a.m. to 8:30 p.m.; Wed 9 a.m. to 8:30 p.m.; Thu 9 a.m. to 8:30 p.m.; Fri 9 a.m. to 5 p.m.; Sat 9 a.m. to 5 p.m.; Sun 12 p.m. to 5 p.m.,Official Toronto Open Data Library Branch General Information feed.
toronto,toronto_tpl_md,68,MD,Mount Dennis,Mount Dennis,"1123 Weston Road, Toronto, ON, M6N 3S3",M6N 3S3,https://www.tpl.ca/mountdennis,416-394-1008,43.6865900,-79.4882800,true,NL,11350,5,York South-Weston,Mount Dennis,1951,true,false,true,Mon 9 a.m. to 8:30 p.m.; Tue 9 a.m. to 8:30 p.m.; Wed 9 a.m. to 8:30 p.m.; Thu 9 a.m. to 8:30 p.m.; Fri 9 a.m. to 8:30 p.m.; Sat 9 a.m. to 5 p.m.; Sun 12 p.m. to 5 p.m.,Official Toronto Open Data Library Branch General Information feed.
toronto,toronto_tpl_me,69,ME,Merril Collection,Merril Collection,"239 College Street, 3rd floor, Toronto, ON, M5T 1R5",M5T 1R5,https://www.tpl.ca/merril,416-393-7748,,,false,RR,,,,,,false,false,false,Non-Branch Row,Official Toronto Open Data Library Branch General Information feed.
toronto,toronto_tpl_mi,70,MI,Mimico Centennial,Mimico Centennial,"47 Station Road, Toronto, ON, M8V 2R1",M8V 2R1,https://www.tpl.ca/mimico,416-394-5330,43.6148600,-79.4936900,true,NL,17469,3,Etobicoke-Lakeshore,Mimico-Queensway,1915,true,false,false,Mon 10 a.m. to 8:30 p.m.; Tue 12:30 p.m. to 8:30 p.m.; Wed 10 a.m. to 6 p.m.; Thu 12:30 p.m. to 8:30 p.m.; Fri 10 a.m. to 6 p.m.; Sat 9 a.m. to 5 p.m.; Sun 12 p.m. to 5 p.m.,Official Toronto Open Data Library Branch General Information feed.
toronto,toronto_tpl_mp,71,MP,Mount Pleasant,Mount Pleasant,"599 Mt. Pleasant Road, Toronto, ON, M4S 2M5",M4S 2M5,https://www.tpl.ca/mountpleasant,416-393-7737,43.7039600,-79.3881900,true,NL,7985,15,Don Valley West,Mount Pleasant East,1992,true,false,false,Mon Closed; Tue 12:30 p.m. to 8:30 p.m.; Wed 10 a.m. to 6 p.m.; Thu 12:30 p.m. to 8:30 p.m.; Fri 10 a.m. to 6 p.m.; Sat 9 a.m. to 5 p.m.; Sun 12 p.m. to 5 p.m.,Official Toronto Open Data Library Branch General Information feed.
toronto,toronto_tpl_mrv,72,MRV,Maryvale,Maryvale,"Parkway Mall, 85 Ellesmere Road, Unit 22, Toronto, ON, M1R 4B9",M1R 4B9,https://www.tpl.ca/maryvale,416-396-8931,43.7571900,-79.3115800,true,NL,11756,21,Scarborough Centre,Wexford/Maryvale,1982,false,false,true,Mon 9 a.m. to 8:30 p.m.; Tue 9 a.m. to 8:30 p.m.; Wed 9 a.m. to 8:30 p.m.; Thu 9 a.m. to 8:30 p.m.; Fri 9 a.m. to 8:30 p.m.; Sat 9 a.m. to 5 p.m.; Sun 12 p.m. to 5 p.m.,Official Toronto Open Data Library Branch General Information feed.
toronto,toronto_tpl_ms,73,MS,Morningside,Morningside,"4279 Lawrence Avenue East, Toronto, ON, M1E 2S8",M1E 2S8,https://www.tpl.ca/morningside,416-396-8881,43.7698800,-79.1784000,true,NL,7000,25,Scarborough-Rouge Park,West Hill,2006,true,false,false,Mon 9 a.m. to 8:30 p.m.; Tue 9 a.m. to 8:30 p.m.; Wed 9 a.m. to 8:30 p.m.; Thu 9 a.m. to 8:30 p.m.; Fri 9 a.m. to 5 p.m.; Sat 9 a.m. to 5 p.m.; Sun 12 p.m. to 5 p.m.,Official Toronto Open Data Library Branch General Information feed.
toronto,toronto_tpl_nd,74,ND,Northern District,Northern District,"40 Orchard View Boulevard, Toronto, ON, M4R 1B9",M4R 1B9,https://www.tpl.ca/northerndistrict,416-393-7610,43.7082400,-79.3997900,true,DL,117452,8,Eglinton-Lawrence,Yonge-Eglinton,1975,true,false,false,Mon 9 a.m. to 8:30 p.m.; Tue 9 a.m. to 8:30 p.m.; Wed 9 a.m. to 8:30 p.m.; Thu 9 a.m. to 8:30 p.m.; Fri 9 a.m. to 8:30 p.m.; Sat 9 a.m. to 5 p.m.; Sun 12 p.m. to 5 p.m.,Official Toronto Open Data Library Branch General Information feed.
toronto,toronto_tpl_ne,75,NE,Northern Elms,Northern Elms,"123B Rexdale Boulevard, Unit 5, Toronto, ON, M9W 1P1",M9W 1P1,https://www.tpl.ca/northernelms,416-394-5230,43.7108900,-79.5654100,true,NL,3936,1,Etobicoke North,West Humber-Clairville,2005,true,false,false,Mon 10 a.m. to 8:30 p.m.; Tue 12:30 p.m. to 8:30 p.m.; Wed 10 a.m. to 6 p.m.; Thu 12:30 p.m. to 8:30 p.m.; Fri 10 a.m. to 6 p.m.; Sat 9 a.m. to 5 p.m.; Sun 12 p.m. to 5 p.m.,Official Toronto Open Data Library Branch General Information feed.
toronto,toronto_tpl_nt,76,NT,New Toronto,New Toronto,"110 Eleventh Street, Toronto, ON, M8V 3G5",M8V 3G5,https://www.tpl.ca/newtoronto,416-394-5350,43.5990500,-79.5098600,true,NL,9925,3,Etobicoke-Lakeshore,New Toronto,1994,true,false,false,Mon Closed; Tue 10 a.m. to 6 p.m.; Wed 12:30 p.m. to 8:30 p.m.; Thu 12:30 p.m. to 8:30 p.m.; Fri 10 a.m. to 6 p.m.; Sat 9 a.m. to 5 p.m.; Sun 12 p.m. to 5 p.m.,Official Toronto Open Data Library Branch General Information feed.
toronto,toronto_tpl_os,77,OS,Osborne Collection,Osborne Collection,"239 College Street, 4th floor, Toronto, ON, M5T 1R5",M5T 1R5,https://www.tpl.ca/osborne,416-393-7753,,,false,RR,,,,,,false,false,false,Non-Branch Row,Official Toronto Open Data Library Branch General Information feed.
toronto,toronto_tpl_ov,78,OV,Oakwood Village Library and Arts Centre,Oakwood Village Library and Arts Centre,"341 Oakwood Avenue, Toronto, ON, M6E 2W1",M6E 2W1,https://www.tpl.ca/oakwood,416-394-1040,43.6865600,-79.4382600,true,NL,17270,12,Toronto-St. Paul?s,Oakwood Village,1997,true,false,false,Mon 10 a.m. to 8:30 p.m.; Tue 12:30 p.m. to 8:30 p.m.; Wed 10 a.m. to 6 p.m.; Thu 12:30 p.m. to 8:30 p.m.; Fri 10 a.m. to 6 p.m.; Sat 9 a.m. to 5 p.m.; Sun 12 p.m. to 5 p.m.,Official Toronto Open Data Library Branch General Information feed.
toronto,toronto_tpl_pa,79,PA,Pape/Danforth,Pape/Danforth,"701 Pape Avenue, Toronto, ON, M4K 3S6",M4K 3S6,https://www.tpl.ca/papedanforth,416-393-7727,43.6786200,-79.3445900,true,DL,8175,14,Toronto-Danforth,Blake-Jones,1929,true,false,false,Mon 9 a.m. to 8:30 p.m.; Tue 9 a.m. to 8:30 p.m.; Wed 9 a.m. to 8:30 p.m.; Thu 9 a.m. to 8:30 p.m.; Fri 9 a.m. to 8:30 p.m.; Sat 9 a.m. to 5 p.m.; Sun 12 p.m. to 5 p.m.,Official Toronto Open Data Library Branch General Information feed.
toronto,toronto_tpl_pk,80,PK,Parkdale,Parkdale,"1303 Queen Street West, Toronto, ON, M6K 1L6",M6K 1L6,https://www.tpl.ca/parkdale,416-393-7686,43.6412700,-79.4326500,true,NL,24083,4,Parkdale-High Park,South Parkdale,1964,true,false,false,Mon 9 a.m. to 8:30 p.m.; Tue 9 a.m. to 8:30 p.m.; Wed 9 a.m. to 8:30 p.m.; Thu 9 a.m. to 8:30 p.m.; Fri 9 a.m. to 8:30 p.m.; Sat 9 a.m. to 5 p.m.; Sun 12 p.m. to 5 p.m.,Official Toronto Open Data Library Branch General Information feed.
toronto,toronto_tpl_pl,81,PL,Parliament Street,Parliament Street,"269 Gerrard Street East, Toronto, ON, M5A 2G3",M5A 2G3,https://www.tpl.ca/parliament,416-393-7663,43.6618300,-79.3680300,true,NL,16089,13,Toronto Centre,Moss Park,1969,true,false,false,Mon 9 a.m. to 8:30 p.m.; Tue 9 a.m. to 8:30 p.m.; Wed 9 a.m. to 8:30 p.m.; Thu 9 a.m. to 8:30 p.m.; Fri 9 a.m. to 8:30 p.m.; Sat 9 a.m. to 5 p.m.; Sun 12 p.m. to 5 p.m.,Official Toronto Open Data Library Branch General Information feed.
toronto,toronto_tpl_pm,82,PM,Palmerston,Palmerston,"560 Palmerston Avenue, Toronto, ON, M6G 2P7",M6G 2P7,https://www.tpl.ca/palmerston,416-393-7680,43.6651100,-79.4141400,true,NL,9385,11,University-Rosedale,Annex,1971,true,false,false,Mon 10 a.m. to 8:30 p.m.; Tue 12:30 p.m. to 8:30 p.m.; Wed 10 a.m. to 6 p.m.; Thu 12:30 p.m. to 8:30 p.m.; Fri 10 a.m. to 6 p.m.; Sat 9 a.m. to 5 p.m.; Sun 12 p.m. to 5 p.m.,Official Toronto Open Data Library Branch General Information feed.
toronto,toronto_tpl_pr,83,PR,Automated Phone System,Automated Phone System,,,,,,,false,RA,,,,,,false,false,false,Non-Branch Row,Official Toronto Open Data Library Branch General Information feed.
toronto,toronto_tpl_pu,84,PU,Port Union,Port Union,"5450 Lawrence Avenue East, Toronto, ON, M1C 3B2",M1C 3B2,https://www.tpl.ca/portunion,416-396-8885,43.7795000,-79.1402400,true,NL,5000,25,Scarborough-Rouge Park,Centennial Scarborough,1984,false,false,false,Mon 10 a.m. to 8:30 p.m.; Tue 12:30 p.m. to 8:30 p.m.; Wed 10 a.m. to 6 p.m.; Thu 12:30 p.m. to 8:30 p.m.; Fri 10 a.m. to 6 p.m.; Sat 9 a.m. to 5 p.m.; Sun 12 p.m. to 5 p.m.,Official Toronto Open Data Library Branch General Information feed.
toronto,toronto_tpl_pv,85,PV,Pleasant View,Pleasant View,"575 Van Horne Avenue, Toronto, ON, M2J 4S8",M2J 4S8,https://www.tpl.ca/pleasantview,416-395-5940,43.7876100,-79.3354500,true,NL,7000,17,Don Valley North,Pleasant View,1975,true,false,false,Closed,Official Toronto Open Data Library Branch General Information feed.
toronto,toronto_tpl_qs,86,QS,Queen/Saulter,Queen/Saulter,"765 Queen Street East, Toronto, ON, M4M 1H3",M4M 1H3,https://www.tpl.ca/queensaulter,416-393-7723,43.6592800,-79.3476000,true,NL,2957,14,Toronto-Danforth,South Riverdale,1980,false,false,false,Mon 10 a.m. to 8:30 p.m.; Tue 12:30 p.m. to 8:30 p.m.; Wed 10 a.m. to 6 p.m.; Thu 12:30 p.m. to 8:30 p.m.; Fri 10 a.m. to 6 p.m.; Sat 9 a.m. to 5 p.m.; Sun 12 p.m. to 5 p.m.,Official Toronto Open Data Library Branch General Information feed.
toronto,toronto_tpl_rd,87,RD,Riverdale,Riverdale,"370 Broadview Avenue, Toronto, ON, M4K 2M8",M4K 2M8,https://www.tpl.ca/riverdale,416-393-7720,43.6657100,-79.3530900,true,NL,10714,14,Toronto-Danforth,North Riverdale,1928,true,false,false,Mon 9 a.m. to 8:30 p.m.; Tue 9 a.m. to 8:30 p.m.; Wed 9 a.m. to 8:30 p.m.; Thu 9 a.m. to 8:30 p.m.; Fri 9 a.m. to 5 p.m.; Sat 9 a.m. to 5 p.m.; Sun 12 p.m. to 5 p.m.,Official Toronto Open Data Library Branch General Information feed.
toronto,toronto_tpl_ri,88,RI,Richview,Richview,"1806 Islington Avenue, Toronto, ON, M9P 3N3",M9P 3N3,https://www.tpl.ca/richview,416-394-5120,43.6834400,-79.5411300,true,DL,47252,2,Etobicoke Centre,Willowridge-Martingrove-Richview,1966,true,true,true,Mon 9 a.m. to 8:30 p.m.; Tue 9 a.m. to 8:30 p.m.; Wed 9 a.m. to 8:30 p.m.; Thu 9 a.m. to 8:30 p.m.; Fri 9 a.m. to 8:30 p.m.; Sat 9 a.m. to 5 p.m.; Sun 12 p.m. to 5 p.m.,Official Toronto Open Data Library Branch General Information feed.
toronto,toronto_tpl_rn,89,RN,Runnymede,Runnymede,"2178 Bloor Street West, Toronto, ON, M6S 1M8",M6S 1M8,https://www.tpl.ca/runnymede,416-393-7697,43.6518800,-79.4738800,true,NL,12034,4,Parkdale-High Park,High Park North,1930,true,false,false,Mon 9 a.m. to 8:30 p.m.; Tue 9 a.m. to 8:30 p.m.; Wed 9 a.m. to 8:30 p.m.; Thu 9 a.m. to 8:30 p.m.; Fri 9 a.m. to 5 p.m.; Sat 9 a.m. to 5 p.m.; Sun 12 p.m. to 5 p.m.,Official Toronto Open Data Library Branch General Information feed.
toronto,toronto_tpl_rx,90,RX,Rexdale,Rexdale,"2243 Kipling Avenue, Toronto, ON, M9W 4L5",M9W 4L5,https://www.tpl.ca/rexdale,416-394-5200,43.7261400,-79.5732300,true,NL,5088,1,Etobicoke North,Rexdale-Kipling,1959,true,false,false,Mon 10 a.m. to 8:30 p.m.; Tue 12:30 p.m. to 8:30 p.m.; Wed 10 a.m. to 6 p.m.; Thu 12:30 p.m. to 8:30 p.m.; Fri 10 a.m. to 6 p.m.; Sat 9 a.m. to 5 p.m.; Sun 12 p.m. to 5 p.m.,Official Toronto Open Data Library Branch General Information feed.
toronto,toronto_tpl_sa,91,SA,Sanderson,Sanderson,"327 Bathurst Street, Toronto, ON, M5T 1J1",M5T 1J1,https://www.tpl.ca/sanderson,416-393-7653,43.6521400,-79.4055100,true,NL,15921,10,Spadina-Fort York,Kensington-Chinatown,1968,true,false,false,Mon 9 a.m. to 8:30 p.m.; Tue 9 a.m. to 8:30 p.m.; Wed 9 a.m. to 8:30 p.m.; Thu 9 a.m. to 8:30 p.m.; Fri 9 a.m. to 8:30 p.m.; Sat 9 a.m. to 5 p.m.; Sun 12 p.m. to 5 p.m.,Official Toronto Open Data Library Branch General Information feed.
toronto,toronto_tpl_sb,92,SB,Sunnybrook Hospital,Sunnybrook Hospital,"2075 Bayview Avenue, Aging and Veterans Care, L Wing, Toronto, ON, M4N 3M5",M4N 3M5,https://www.tpl.ca/hospital-service,416-480-6100  EXT 62624,43.7231700,-79.3748300,false,OT,1190,41,,Bridle Path-Sunnybrook-York Mills,,false,false,false,Non-Branch Row,Official Toronto Open Data Library Branch General Information feed.
toronto,toronto_tpl_sc,93,SC,Scarborough Civic Centre,Scarborough Civic Centre,"156 Borough Drive, Toronto, ON, M1P 4N7",M1P 4N7,https://www.tpl.ca/scarborough,416-396-3599,43.7723700,-79.2570400,true,NL,14500,21,Scarborough Centre,Bendale-Glen Andrew,2015,true,true,true,Mon 9 a.m. to 8:30 p.m.; Tue 9 a.m. to 8:30 p.m.; Wed 9 a.m. to 8:30 p.m.; Thu 9 a.m. to 8:30 p.m.; Fri 9 a.m. to 5 p.m.; Sat 9 a.m. to 5 p.m.; Sun 12 p.m. to 5 p.m.,Official Toronto Open Data Library Branch General Information feed.
toronto,toronto_tpl_si,94,SI,St. Clair/Silverthorn,St. Clair/Silverthorn,"1748 St. Clair Avenue West, Toronto, ON, M6N 1J3",M6N 1J3,https://www.tpl.ca/stclairsilverthorn,416-393-7709,43.6742900,-79.4606100,true,NL,5202,9,Davenport,Weston-Pelham Park,1981,true,false,false,Mon 10 a.m. to 8:30 p.m.; Tue 12:30 p.m. to 8:30 p.m.; Wed 10 a.m. to 6 p.m.; Thu 12:30 p.m. to 8:30 p.m.; Fri 10 a.m. to 6 p.m.; Sat 9 a.m. to 5 p.m.; Sun 12 p.m. to 5 p.m.,Official Toronto Open Data Library Branch General Information feed.
toronto,toronto_tpl_sj,95,SJ,St. James Town,St. James Town,"495 Sherbourne Street, Toronto, ON, M4X 1K7",M4X 1K7,https://www.tpl.ca/stjamestown,416-393-7744,43.6674900,-79.3744000,true,NL,7800,13,Toronto Centre,North St. James Town,2004,false,false,false,Mon 9 a.m. to 8:30 p.m.; Tue 9 a.m. to 8:30 p.m.; Wed 9 a.m. to 8:30 p.m.; Thu 9 a.m. to 8:30 p.m.; Fri 9 a.m. to 8:30 p.m.; Sat 9 a.m. to 5 p.m.; Sun 12 p.m. to 5 p.m.,Official Toronto Open Data Library Branch General Information feed.
toronto,toronto_tpl_sl,96,SL,St. Lawrence,St. Lawrence,"171 Front Street East, Toronto, ON, M5A 4H3",M5A 4H3,https://www.tpl.ca/stlawrence,416-393-7655,43.6501200,-79.3683200,true,NL,4833,13,Toronto Centre,St Lawrence-East Bayfront-The Islands,1982,true,false,false,Mon 10 a.m. to 8:30 p.m.; Tue 12:30 p.m. to 8:30 p.m.; Wed 10 a.m. to 6 p.m.; Thu 12:30 p.m. to 8:30 p.m.; Fri 10 a.m. to 6 p.m.; Sat 9 a.m. to 5 p.m.; Sun 12 p.m. to 5 p.m.,Official Toronto Open Data Library Branch General Information feed.
toronto,toronto_tpl_sp,97,SP,Spadina Road,Spadina Road,"10 Spadina Road, Toronto, ON, M5R 2S7",M5R 2S7,https://www.tpl.ca/spadina,416-393-7666,43.6676700,-79.4046200,true,NL,3952,11,University-Rosedale,Annex,1977,true,false,false,Mon 10 a.m. to 8:30 p.m.; Tue 12:30 p.m. to 8:30 p.m.; Wed 10 a.m. to 6 p.m.; Thu 12:30 p.m. to 8:30 p.m.; Fri 10 a.m. to 6 p.m.; Sat 9 a.m. to 5 p.m.; Sun 12 p.m. to 5 p.m.,Official Toronto Open Data Library Branch General Information feed.
toronto,toronto_tpl_st,98,ST,Steeles,Steeles,"Bamburgh Gardens Shopping Plaza, C107-375 Bamburgh Circle, Toronto, ON, M1W 3Y1",M1W 3Y1,https://www.tpl.ca/steeles,416-396-8975,43.8155500,-79.3224300,true,NL,5009,22,Scarborough-Agincourt,Steeles,1987,true,false,false,Mon 9 a.m. to 8:30 p.m.; Tue 9 a.m. to 8:30 p.m.; Wed 9 a.m. to 8:30 p.m.; Thu 9 a.m. to 8:30 p.m.; Fri 9 a.m. to 8:30 p.m.; Sat 9 a.m. to 5 p.m.; Sun 12 p.m. to 5 p.m.,Official Toronto Open Data Library Branch General Information feed.
toronto,toronto_tpl_sw,99,SW,Swansea Memorial,Swansea Memorial,"95 Lavinia Avenue, Toronto, ON, M6S 3H9",M6S 3H9,https://www.tpl.ca/swansea,416-393-7695,43.6475800,-79.4778500,true,OT,1127,4,Parkdale-High Park,High Park-Swansea,1959,false,false,false,Mon 1:30 p.m. to 6 p.m.; Tue 1:30 p.m. to 6 p.m.; Wed 1:30 p.m. to 6 p.m.; Thu 1:30 p.m. to 6 p.m.; Fri 1:30 p.m. to 6 p.m.; Sat 9:30 a.m. to 5 p.m.; Sun 12 p.m. to 5 p.m.,Official Toronto Open Data Library Branch General Information feed.
toronto,toronto_tpl_sws,100,SWS,S. Walter Stewart,S. Walter Stewart,"170 Memorial Park Avenue, Toronto, ON, M4J 2K5",M4J 2K5,https://www.tpl.ca/swalterstewart,416-396-3975,43.6921700,-79.3297200,true,DL,25847,14,Toronto-Danforth,Danforth-East York,1960,true,false,true,Mon 9 a.m. to 8:30 p.m.; Tue 9 a.m. to 8:30 p.m.; Wed 9 a.m. to 8:30 p.m.; Thu 9 a.m. to 8:30 p.m.; Fri 9 a.m. to 8:30 p.m.; Sat 9 a.m. to 5 p.m.; Sun 12 p.m. to 5 p.m.,Official Toronto Open Data Library Branch General Information feed.
toronto,toronto_tpl_ta,101,TA,Taylor Memorial,Taylor Memorial,"1440 Kingston Road, Toronto, ON, M1N 1R3",M1N 1R3,https://www.tpl.ca/taylor,416-396-8939,43.6878900,-79.2713000,true,NL,5000,20,Scarborough Southwest,Birchcliffe-Cliffside,1962,true,false,false,Mon Closed; Tue 12:30 p.m. to 8:30 p.m.; Wed 10 a.m. to 6 p.m.; Thu 12:30 p.m. to 8:30 p.m.; Fri 10 a.m. to 6 p.m.; Sat 9 a.m. to 5 p.m.; Sun 12 p.m. to 5 p.m.,Official Toronto Open Data Library Branch General Information feed.
toronto,toronto_tpl_th,102,TH,Thorncliffe,Thorncliffe,"48 Thorncliffe Park Drive, Toronto, ON, M4H 1J7",M4H 1J7,https://www.tpl.ca/thorncliffe,416-396-3865,43.7029700,-79.3425200,true,NL,11034,15,Don Valley West,Thorncliffe Park,1970,true,false,true,Mon 9 a.m. to 8:30 p.m.; Tue 9 a.m. to 8:30 p.m.; Wed 9 a.m. to 8:30 p.m; Thu 9 a.m. to 8:30 p.m.; Fri 9 a.m. to 8:30 p.m.; Sat 9 a.m. to 5 p.m.; Sun 12 p.m. to 5 p.m.,Official Toronto Open Data Library Branch General Information feed.
toronto,toronto_tpl_tod,103,TOD,Todmorden Room,Todmorden Room,"1081 1/2 Pape Ave (at Torrens), Toronto, ON, M4K 3W6",M4K 3W6,https://www.tpl.ca/todmorden,416-396-3875,43.6916300,-79.3494300,true,OT,555,14,Toronto-Danforth,Old East York,1961,false,false,false,Mon Closed; Tue 12:30 p.m. to 5 p.m. & 6 p.m. to 8:30 p.m.; Wed 9 a.m. to 12 p.m. & 1 p.m. to 5 p.m.; Thu 12:30 p.m. to 5 p.m. & 6 p.m. to 8:30 p.m.; Fri Closed; Sat 9 a.m. to 12 p.m. & 1 p.m. to 5 p.m.; Sun 12 p.m. to 5 p.m.,Official Toronto Open Data Library Branch General Information feed.
toronto,toronto_tpl_trl,104,TRL,Toronto Reference Library,Toronto Reference Library,"789 Yonge Street, Toronto, ON, M4W 2G8",M4W 2G8,https://www.tpl.ca/torontoreferencelibrary,416-395-5577,43.6719500,-79.3867400,true,RR,426535,11,University-Rosedale,Rosedale-Moore Park,1977,true,true,false,Mon 9 a.m. to 8:30 p.m.; Tue 9 a.m. to 8:30 p.m.; Wed 9 a.m. to 8:30 p.m.; Thu 9 a.m. to 8:30 p.m.; Fri 9 a.m. to 8:30 p.m.; Sat 9 a.m. to 5 p.m.; Sun 12 p.m. to 5 p.m.,Official Toronto Open Data Library Branch General Information feed.
toronto,toronto_tpl_vir,105,VIR,Virtual Library,Virtual Library,,,,,,,false,RA,,,,,,false,false,false,Non-Branch Row,Official Toronto Open Data Library Branch General Information feed.
toronto,toronto_tpl_vv,106,VV,Victoria Village,Victoria Village,"184 Sloane Avenue, Toronto, ON, M4A 2C4",M4A 2C4,https://www.tpl.ca/victoriavillage,416-395-5950,43.7360500,-79.3129200,true,NL,5383,16,Don Valley East,Victoria Village,1967,true,false,false,Mon 9 a.m. to 8:30 p.m.; Tue 9 a.m. to 8:30 p.m.; Wed 10 a.m. to 6 p.m; Thu 12:30 a.m. to 8:30 p.m.; Fri 10 a.m. to 6 p.m.; Sat 9 a.m. to 5 p.m.; Sun 12 p.m. to 5 p.m.,Official Toronto Open Data Library Branch General Information feed.
toronto,toronto_tpl_we,107,WE,Weston,Weston,"2 King Street, Toronto, ON, M9N 1K9",M9N 1K9,https://www.tpl.ca/weston,416-394-1016,43.7017100,-79.5207100,true,NL,11944,5,York South-Weston,Weston,1914,true,false,false,Mon 9 a.m. to 8:30 p.m.; Tue 9 a.m. to 8:30 p.m.; Wed 9 a.m. to 8:30 p.m.; Thu 9 a.m. to 8:30 p.m.; Fri 9 a.m. to 8:30 p.m.; Sat 9 a.m. to 5 p.m.; Sun 12 p.m. to 5 p.m.,Official Toronto Open Data Library Branch General Information feed.
toronto,toronto_tpl_wp,108,WP,Woodview Park,Woodview Park,"16 Bradstock Road, Toronto, ON, M9M 1M8",M9M 1M8,https://www.tpl.ca/woodview,416-395-5960,43.7397700,-79.5383600,true,NL,4110,7,Humber River-Black Creek,Humbermede,1964,true,false,false,Mon 10 a.m. to 8:30 p.m.; Tue 12:30 p.m. to 8:30 p.m.; Wed 10 a.m. to 6 p.m.; Thu 12:30 p.m. to 8:30 p.m.; Fri 10 a.m. to 6 p.m.; Sat 9 a.m. to 5 p.m.; Sun 12 p.m. to 5 p.m.,Official Toronto Open Data Library Branch General Information feed.
toronto,toronto_tpl_ws,109,WS,Woodside Square,Woodside Square,"Woodside Square Mall, 1571 Sandhurst Circle, Toronto, ON, M1V 1V2",M1V 1V2,https://www.tpl.ca/woodside,416-396-8979,43.8088000,-79.2703100,true,NL,9792,23,Scarborough North,Agincourt North,1977,false,false,false,Closed,Official Toronto Open Data Library Branch General Information feed.
toronto,toronto_tpl_wy,110,WY,Wychwood,Wychwood,"1431 Bathurst Street, Toronto, ON, M5R 3J2",M5R 3J2,https://www.tpl.ca/wychwood,416-393-7683,43.6822200,-79.4175500,true,NL,17000,12,Toronto-St. Paul?s,Casa Loma,1916,true,false,true,Mon 9 a.m. to 8:30 p.m.; Tue 9 a.m. to 8:30 p.m.; Wed 9 a.m. to 8:30 p.m.; Thu 9 a.m. to 8:30 p.m.; Fri 9 a.m. to 5 p.m.; Sat 9 a.m. to 5 p.m.; Sun 12 p.m. to 5 p.m.,Official Toronto Open Data Library Branch General Information feed.
toronto,toronto_tpl_yo,111,YO,Yorkville,Yorkville,"22 Yorkville Avenue, Toronto, ON, M4W 1L4",M4W 1L4,https://www.tpl.ca/yorkville,416-393-7660,43.6719200,-79.3886400,true,NL,9053,11,University-Rosedale,Annex,1907,true,false,false,Mon 9 a.m. to 8:30 p.m.; Tue 9 a.m. to 8:30 p.m.; Wed 9 a.m. to 8:30 p.m.; Thu 9 a.m. to 8:30 p.m.; Fri 9 a.m. to 5 p.m.; Sat 9 a.m. to 5 p.m.; Sun 12 p.m. to 5 p.m.,Official Toronto Open Data Library Branch General Information feed.
toronto,toronto_tpl_yw,112,YW,York Woods,York Woods,"1785 Finch Avenue West, Toronto, ON, M3N 1M6",M3N 1M6,https://www.tpl.ca/yorkwoods,416-395-5980,43.7589200,-79.5073100,true,DL,43769,7,Humber River-Black Creek,Glenfield-Jane Heights,1970,true,true,true,Mon 9 a.m. to 8:30 p.m.; Tue 9 a.m. to 8:30 p.m.; Wed 9 a.m. to 8:30 p.m.; Thu 9 a.m. to 8:30 p.m.; Fri 9 a.m. to 8:30 p.m.; Sat 9 a.m. to 5 p.m.; Sun 12 p.m. to 5 p.m.,Official Toronto Open Data Library Branch General Information feed.
